BankAccount,Customer
SE8902EPWK73250364544965,Sofie Ibrahim
SE8902IDSK51225196610969,Sofie Ibrahim
SE8902OGIV86383792142837,Mona Lundgren
SE8902QZEZ52320024971424,Mona Lundgren
SE8902DWZI85436013187521,Tuulikki Blomqvist
SE8902UJGR36411837401781,Tuulikki Blomqvist
SE8902VAPD72818464374400,Tuulikki Blomqvist
SE8902VEIB72029945509184,Tuulikki Blomqvist
SE8902CHSI75448480838708,Tuulikki Blomqvist
SE8902XPHQ15953762308017,Maria Lund
SE8902VBHN50052224387585,Maria Lund
SE8902URSS59260219235990,Isabelle Hjelm-Larsson
SE8902IQRO13056391101908,Camilla Johansson
SE8902GXLB05514229654020,Hanna Hassan
SE8902KWAF90270853352878,Hanna Hassan
SE8902MLNA56994057710583,Hanna Hassan
SE8902JIJC96071565969922,Hanna Hassan
SE8902BWXT39949824641151,Lova Sundberg-Olsson
SE8902TKNC87869236455689,Lova Sundberg-Olsson
SE8902PSRJ65756431691707,Lova Sundberg-Olsson
SE8902SILE68578227700598,Anna Rosenberg
SE8902UTKP18439002370878,Anna Rosenberg
SE8902HQID54921038055598,Anna Rosenberg
SE8902CMWE25531271390672,Ida Haraldsson
SE8902ZWKL91581622045409,Mary Persson
SE8902NHEC01255630352421,Mary Persson
SE8902HRZI51889347255465,Stina Jansson
SE8902AVQC54172602808950,Stina Jansson
SE8902YHDH55973704252760,Mari Granath Åkesson
SE8902BABM26306156053804,Mari Granath Åkesson
SE8902UNAU13611272599268,Mari Granath Åkesson
SE8902ZJVA11817265425330,Karin Nilsson
SE8902JFQL02168511886094,Kerstin Andersson
SE8902COVG23577172278709,Kerstin Andersson
SE8902HWHC81157429988113,Kerstin Andersson
SE8902IDYW61560887680926,Maria Eklund
SE8902VBXW33852287376238,Amanda Lundgren
SE8902TTDD62882365317340,Maria Berg
SE8902JDLY63782567946635,Joanna Åkerlund
SE8902PKJC56529381306922,Joanna Åkerlund
SE8902PLTU47854504283727,Margareta Eriksson
SE8902QBPI92232356394837,Anna Andersson
SE8902NPMZ64718534936104,Anna Andersson
SE8902ERJA13877835143324,Laila Fransson Hedlund
SE8902OKVE09579666832306,Agnes Karlsson
SE8902BPMW61406251979814,Elsa Svensson
SE8902YLGE04073464233597,Elsa Svensson
SE8902TCZL47145018856917,Kristina Åström
SE8902ZNRZ32368916134263,Gunnel Pettersson
SE8902WSHS28438837480311,Gunnel Pettersson
SE8902NDNE36671961231780,Agneta Ekman
SE8902OLFT37200388827050,Cecilia Ottosson Lindblom
SE8902JQHT00463203687003,Cecilia Ottosson Lindblom
SE8902IIVG09252145366202,Cecilia Ottosson Lindblom
SE8902EYGF77551822415743,Ester Ekelund
SE8902LVSQ11356198112962,Sabina Johansson-Omar
SE8902YVWX44120455116841,Erika Wiberg Nilsson
SE8902DQWP79606697709694,Erika Wiberg Nilsson
SE8902XXCG81260198384509,Erika Wiberg Nilsson
SE8902UTYY22254486734176,Edit Ahlström-Samuelsson
SE8902UPQN50233742051449,Olga Carlsson
SE8902EWZR85142291879165,Madeleine Larsson Lundström
SE8902KLMT84633622382072,Ellen Nilsson
SE8902DBWG37143242474670,Ellen Nilsson
SE8902MTEW80340871788369,Maj-Britt Hagberg-Bergström
SE8902WSLA24954889786348,Maj-Britt Hagberg-Bergström
SE8902VJHZ33855900402507,Maj-Britt Hagberg-Bergström
SE8902DZEM65843874009450,Eva Pettersson-Karlberg
SE8902GFAS09862022036004,Louise Blomqvist
SE8902IWLJ80369151603079,Louise Blomqvist
SE8902AORR62231578413137,Stina Larsson Andersson
SE8902UOQA63786044169527,Stina Larsson Andersson
SE8902TJBO76009734317061,Kristina Ekman Gustafsson
SE8902KIDF78947091109600,Kristina Ekman Gustafsson
SE8902FUJI48043244293392,Kristina Brandt
SE8902QPHE36884244476446,Kristina Brandt
SE8902RQLR53927445231063,Joanna Torstensson-Svensson
SE8902VATX29635590400151,Lilian Andersson
SE8902MMZN38846965231738,Karin Persson
SE8902DAYC14364335693782,Eivor Svensson
SE8902FALW17606613401607,Eivor Svensson
SE8902WZEL99650586037049,Julia Karlsson
SE8902DRZG97085120488113,Victoria Ek
SE8902QJSX02120298481356,Victoria Ek
SE8902IMEB42197421849807,Victoria Ek
SE8902JXJJ56306612147768,Maria Eriksson
SE8902AZMF62874749728667,Maria Eriksson
SE8902TRVE47135720140849,Eva Jonsson-Berg
SE8902KNBO14478747094323,Anna Wahlström Lundin
SE8902PQTU50864263302777,Anna Wahlström Lundin
SE8902YUYG10929263320035,Tindra Jonsson
SE8902LUTP25647153659821,Tindra Jonsson
SE8902ZDMU73833226690524,Sandra Sjöberg
SE8902LFPB25372838213647,Sandra Sjöberg
SE8902MJPO40977388006286,Zahra Flink
SE8902PLXR29095818137187,Helen Johansson
SE8902QIQI47434237190569,Helen Johansson
SE8902CRWQ10550122839130,Alice Lundgren
SE8902PVRO74801343887399,Birgitta Ståhl-Hultgren
SE8902KPIO16227949467449,Margareta Lund
SE8902OZOM23207181936410,Tova Gustafsson Bengtsson
SE8902NVPZ06971021222436,Tova Gustafsson Bengtsson
SE8902KLVA35234334264887,Tova Gustafsson Bengtsson
SE8902SNNM24012074185591,Ann Nilsson
SE8902DRXY50176432565193,Agnes Åberg
SE8902YMVD57211621327275,Lilian Axelsson
SE8902WRRU80784544437204,Lilian Axelsson
SE8902GAFL88123638280516,Kristina Hansen
SE8902JPPD16064860435781,Anna Dahlin Ågren
SE8902FSHA42297476809642,Ingrid Bäckström Persson
SE8902LWGY12400441776877,Ingrid Bäckström Persson
SE8902OYBW39299291170957,Ulla Hellman
SE8902IJUF89235594362096,Maria Axelsson
SE8902DPTT93032573974424,Maria Axelsson
SE8902WJJF53894909945600,Linnéa Eriksson-Byström
SE8902NZPO70353430427963,Birgitta Nilsson
SE8902IMDH11855815032434,Birgitta Nilsson
SE8902UITH42469834496346,Birgitta Nilsson
SE8902QPGW46075376024266,Louise Wall
SE8902LKXQ69920608322446,Carina Pettersson Nylander
SE8902PCFD04141042982858,Maria Frank
SE8902FAAO97542766702624,Astrid Backlund
SE8902ONZU44479921442383,Astrid Backlund
SE8902POYE56306553396402,Sara Svensson
SE8902IEHG40560196591529,Christina Olofsson
SE8902BUFN52320844378385,Cristina Persson
SE8902VDAM04395711962652,Margareta Olsson
SE8902EJLS77341060789288,Gun Jansson
SE8902POUN96279557917869,Gun Jansson
SE8902VYBF24172056441453,Gun Jansson
SE8902KKUH06675943754803,Gun Jansson
SE8902DSLW17149818922650,Linnéa Ottosson
SE8902MQKC26955141529313,Linnéa Ottosson
SE8902XNEE54146257506129,Linnéa Ottosson
SE8902BXJC93392072105707,Ylva Nilsson
SE8902MZQD36471607948390,Tindra Karlsson Åkesson
SE8902ZXBS27847759587560,Tindra Karlsson Åkesson
SE8902CGGR69488718084568,Tindra Karlsson Åkesson
SE8902LJOL22570334014589,Tindra Karlsson Åkesson
SE8902PGCD42349227810447,Gunilla Olofsson
SE8902NUWT16017828621340,Anna Lindström Sandgren
SE8902EPQO36893099676290,Tina Larsson
SE8902MERM08934535145689,Iris Nilsson
SE8902DCRG03419581347172,Iris Nilsson
SE8902JWPZ44810854846338,Ann-Marie Sandberg
SE8902KEUK66106098793775,Caroline Nordström Andreasson
SE8902WQDY35666811304216,Caroline Nordström Andreasson
SE8902IFAT25470340151750,Caroline Nordström Andreasson
SE8902CKLN78195298715336,Caroline Karlsson-Hellberg
SE8902OBIX76276487885565,Alexandra Olsson
SE8902VTXY24068790036789,Ingrid Bergvall
SE8902EQDP30307774877765,Anita Johansson
SE8902YOEW30639718787528,Anita Johansson
SE8902CKBV64663475183727,Anita Johansson
SE8902WRAH16184147348462,Charlotte Engström
SE8902BADP38378986803145,Charlotte Engström
SE8902MEJF62740560811988,Gunvor Magnusson Öberg
SE8902KQTT53706765844553,Ulla Melin
SE8902IGKY05275707479128,Ulla Melin
SE8902JXNJ08943900596647,Dagny Svensson
SE8902ZJLO95363862694613,Ulrika Larsson
SE8902VJEF22408425695352,Ulrika Larsson
SE8902QRLT89568280421783,Marie Lund
SE8902QLUT99208994499946,Marie Lund
SE8902RCJB06422384154874,Inger Lund
SE8902UYWH41914146129072,Zahra Svensson-Johansson
SE8902EBWI20739935052200,Karin Larsson
SE8902UUHR56831431647978,Harriet Berg
SE8902EQYQ41081582080415,Harriet Berg
SE8902SABF96781999798332,Ann Knutsson
SE8902MOYL96215082468431,Gerd Lindqvist
SE8902KSPR66432840199154,Gerd Lindqvist
SE8902JWGD74194436561021,Sofia Vallin
SE8902OQZB62959452894569,Madelene Lindgren-Carlberg
SE8902NSZV23305609626569,Charlotta Andersson
SE8902LDPN73303918695424,Charlotta Andersson
SE8902EQCK63728076800609,Cecilia Holmgren
SE8902WSOG82520529247442,Cecilia Holmgren
SE8902SRLL43477163490964,Cecilia Holmgren
SE8902XCHA19919213751955,Edith Isaksson
SE8902KXMK45343849770312,Edith Isaksson
SE8902MDRR93436036363613,Edith Isaksson
SE8902SVNA09488395571575,Irene Hedman
SE8902SSZA54290319483676,Ann-Sofie Berggren
SE8902OEJT81666216962345,Viola Thor Gustafsson
SE8902ZVTV98812993474647,Viola Thor Gustafsson
SE8902NBPA53790596412090,Viola Thor Gustafsson
SE8902VROD28357188719403,Alice Axelsson
SE8902OARH91598307982968,Britt Pettersson
SE8902RLHG01713064216795,Katarina Bengtsson
SE8902RMGJ56941789044857,Katarina Bengtsson
SE8902ZKUQ38316655030762,Katarina Bengtsson
SE8902IAZC69283036911026,Erika Dahlberg-Nilsson
SE8902FEOU83301563734443,Erika Dahlberg-Nilsson
SE8902YQXU56366715188424,Olivia Malmström
SE8902EEKT76326536417923,Olivia Malmström
SE8902KZIO19030755409685,Olivia Malmström
SE8902KLES25420753966546,Eva Hansson
SE8902HRWG83554443123395,Eva Hansson
SE8902YSVI54424221824629,Linnea Mattsson
SE8902MCFO49095808464569,Barbro Granlund
SE8902EJVD58777899114942,Johanna Svensson
SE8902CODF26383416794081,Johanna Svensson
SE8902VRCK66669606024532,Johanna Svensson
SE8902MCEV93618355713025,Sigrid Holmgren
SE8902BTSC01483794930785,Sigrid Holmgren
SE8902VXXB63484309612552,Astrid Eriksson-Svensson
SE8902UFZY41218181108055,Astrid Eriksson-Svensson
SE8902IDIO78110702344946,Astrid Eriksson-Svensson
SE8902WMGQ92121042977797,Astrid Eriksson-Svensson
SE8902FVFT61557043346714,Malin Gustafsson
SE8902RNLY55461931214075,Malin Gustafsson
SE8902CFVM08634732646774,Elna Engberg
SE8902EJYN15169896233918,Elna Engberg
SE8902SICI51731283266081,Elna Engberg
SE8902PUFG51102457949170,Irene Palm
SE8902REPT13055923984909,Anita Andersson
SE8902CFEY43701881421531,Anita Andersson
SE8902KLRO16474013075873,Ann-Charlotte Johnsson
SE8902AZOB63571733972059,Ingrid Widén-Eriksson
SE8902YWYE88254254671994,Lisbeth Holmberg
SE8902ZGKY70073543360198,Lisbeth Holmberg
SE8902MQMR87651444736111,Lisbeth Holmberg
SE8902REOE84824920257605,Jeanette Andersson
SE8902GUBN02340962282734,Jeanette Andersson
SE8902IGPY15346785802644,Moa Berglund
SE8902TDHG03930597785173,Therese Carlsson
SE8902ZVUC22763571961124,Vilma Hedström
SE8902IOJE14304978072957,Vilma Hedström
SE8902BFKJ67373461094245,Åse Berg
SE8902ZJJI38537368499499,Åse Berg
SE8902UZPG07009538779616,Sonja Sandberg
SE8902GWBV65006975861231,Sonja Sandberg
SE8902RFKG13034824351836,Angelica Jensen
SE8902XNTB41827621868449,Moa Karlsson Berglund
SE8902HHSO58247661775142,Moa Karlsson Berglund
SE8902JYDD80497877012989,Marie Pettersson-Pettersson
SE8902EBQG46394645816502,Lina Fredriksson
SE8902NPSO51568640255218,Viola Gren
SE8902FEUM16554377486070,Inga Jönsson
SE8902VBBU70773188294633,Ahmed Gustafsson
SE8902VZIJ18435178550619,Maria Jakobsson
SE8902RCMN64982980569854,Kajsa Olsson
SE8902RWQU01903466709841,Inger Ahlgren
SE8902EJAI99151957237924,Katarina Ali
SE8902XYRM52103884724966,Lovisa Eriksson-Lindfors
SE8902FUMK63947148705760,Sara Lindström-Jakobsson
SE8902FGVS05404234689422,Sara Lindström-Jakobsson
SE8902OUYV90192199566077,Leia Pettersson
SE8902SPLV55493875690484,Leia Pettersson
SE8902LOKN91099936771965,Leia Pettersson
SE8902EGUE04752445182497,Christina Nyström
SE8902QIDW01871973556269,Caroline Sjölander
SE8902WDJE85359881297343,Irma Johansson
SE8902JLFC48207582147190,Inger Malmqvist
SE8902DGOU52251724210139,Inger Malmqvist
SE8902KCJU30225323097413,Ellinor Ahmad
SE8902UDAI89693707440786,Linn Hansson
SE8902LXEY88372509516456,Linn Hansson
SE8902XVJQ62588665096343,Linn Hansson
SE8902PEJL40222448009128,Linn Hansson
SE8902CWGG49250440286257,Hannah Gustafsson Jakobsson
SE8902WZTY78877140572268,Hannah Gustafsson Jakobsson
SE8902LACW59549122762926,Doris Carlsson
SE8902OGIR23428207822800,Doris Carlsson
SE8902FFCY95333401231837,Nova Kjellberg
SE8902BUUB70684057188314,Nova Kjellberg
SE8902TEZZ10595111121627,Nova Kjellberg
SE8902QXXL08650991961519,Jennie Arvidsson
SE8902GQAD77323256759071,Jennie Arvidsson
SE8902KMRD06713970744337,Lina Blomkvist Helgesson
SE8902GGVM41036620748091,Maria Nordin
SE8902FOBI10005828618756,Maria Nordin
SE8902APMC92937900903172,Susanne Sjögren
SE8902HNSY33169866302829,Jonna Wiklund
SE8902RQNM94686024135916,Jonna Wiklund
SE8902TXSH82999507978837,Alma Svensson
SE8902RATJ14504736298199,Alma Svensson
SE8902WQDQ90710651633977,Alma Svensson
SE8902XNVC89027044051893,Alma Svensson
SE8902LNZG09887297010450,Therese Johansson
SE8902MJJU05220306140238,Sigrid Samuelsson
SE8902VPUM81969837191902,Alice Johansson
SE8902QBZS75980360092144,Alice Johansson
SE8902IRET80983872349375,Betty Persson
SE8902RFND18240718616184,Joanna Andersson Johnson
SE8902XNSP62301861969649,Gertrud Wahlberg
SE8902NOMU53996442028881,Gertrud Wahlberg
SE8902SNGW19711846882889,Gerd Holst
SE8902BLNY30650799297988,Ulrika Blixt
SE8902RCMP67198715313709,Ulrika Blixt
SE8902BCJH45677202414984,Sonia Jakobsson
SE8902JOAA73203338391811,Sonia Jakobsson
SE8902PTQI05277402468840,Ingegerd Ottosson
SE8902VCGO21843909614852,Christina Jansson Boman
SE8902DDDT67161166312580,Angelina Eriksson Larsson
SE8902ASEU46374988626527,Angelina Eriksson Larsson
SE8902OUGZ49389646387563,Olivia Persson
SE8902XMSF03346539893576,Nathalie Andersson
SE8902GORN68994003453353,Maria Nyman
SE8902FCSV26977507325534,Maria Nyman
SE8902RXQC04091454093931,Maria Nyman
SE8902KWBD56921885506215,Elisabeth Larsson
SE8902AUQD67157033620100,Maria Nilsson
SE8902YPLL97549313922893,Klara Nylander Ahmadi
SE8902ATDH36917846037146,Katarina Andersson
SE8902ECCJ86383227351359,Katarina Andersson
SE8902GVHN92964423897611,Katarina Andersson
SE8902PBJH90393502972632,Inger Malmgren Ali
SE8902TURO07496760761316,Lillemor Lindfors Nyman
SE8902PYVE63223607468293,Liselott Eriksson
SE8902XXAF74151570423565,Liselott Eriksson
SE8902FQVQ38132937638029,Kristin Nilsson
SE8902HAYZ30931717835549,Anette Eriksson
SE8902TCZM12187781824588,Katarina Pedersen
SE8902JUBX10521679094085,Katarina Pedersen
SE8902IASU37111569398010,Selma Lilja
SE8902FGIY23117081354016,Selma Lilja
SE8902KLNQ25617997709976,Selma Lilja
SE8902GYOU97729788286246,Agneta Ahmed
SE8902LGDS93932200371895,Gudrun Stenberg
SE8902IXLN09147641003463,Katarina Nilsson
SE8902WQME16820619653293,Katarina Nilsson
SE8902KSGB25510595835295,Katarina Nilsson
SE8902NRAS31362495279847,Marie Lundström
SE8902ZKCR38556369708361,Angelina Lindholm
SE8902RBSV68895772780848,Kerstin Lundqvist
SE8902IKZC79179007095909,Evelina Ibrahim
SE8902BNCT48612177889839,Evelina Ibrahim
SE8902TDWF15245617438533,Lilly Dahl
SE8902OSPT65036097285857,Lilly Dahl
SE8902ANWR22887008474492,Lilly Dahl
SE8902XJAN35723200835220,Maryam Karlsson
SE8902FCJT75375914520219,Maryam Karlsson
SE8902OZBM53448690509013,Marie Lundell Olsson
SE8902EUHG64782205847802,Anna Jonasson
SE8902VPUI15502095985231,Anna Jonasson
SE8902JFLG01724285840236,Anna Jonasson
SE8902IDDI95912852862700,Anna Jonasson
SE8902YCCU23582343543594,Anna Jonasson
SE8902HADZ94831371615319,Anna Jonasson
SE8902JVFU12272732120946,Ebba Åkesson
SE8902LYRU49405628277247,Kristina Olsson
SE8902TTXT03943566438167,Sarah Andersson
SE8902BTKI53390685216432,Sarah Andersson
SE8902XBIN60287954526260,Julia Jonasson
SE8902OGIL87909531470185,Gertrud Mohammadi-Hosseini
SE8902RWKL37240797745939,Gertrud Mohammadi-Hosseini
SE8902ZQQX91042131747326,Gertrud Mohammadi-Hosseini
SE8902XYVB77684435420465,Åsa Källström-Edström
SE8902WOTL92806947118912,Iris Bäck
SE8902KMMG56349206484127,Linnea Gustavsson
SE8902DPEV86073624782716,Charlotte Werner-Olsson
SE8902WCUC03726382390092,Nelly Andersson
SE8902FUAR93924916890637,Ella Wallin
SE8902XPHP30865499209335,Berit Lund
SE8902XTMW65537920620819,Berit Lund
SE8902QASC32307460643773,Ann-Charlott Jeppsson-Danielsson
SE8902MEPG75869905095161,Lisbeth Jonsson-Österberg
SE8902VWKO20169767635100,Lisbeth Jonsson-Österberg
SE8902SVEX40095531093926,Elisabeth Vesterlund
SE8902EKEC92166161424949,Ester Karlsson
SE8902KMID87590796935719,Ester Karlsson
SE8902LSEC82086405777991,Karin Dahl
SE8902ALFN61867186946491,Elisabet Berg
SE8902AAEJ67825986403885,Elisabet Berg
SE8902AZXE66883467511248,Elisabet Berg
SE8902XARR24637715791113,Britta Hermansson
SE8902AXSS75904959058026,Kristina Bengtsson
SE8902NFJG83208273691327,Kristina Bengtsson
SE8902PQTC99238321979954,Therese Lindahl-Martinsson
SE8902LEVI44801863486814,Therese Lindahl-Martinsson
SE8902YKLA01358484410445,Emma Gustafsson
SE8902EMIT82352727650511,Emma Gustafsson
SE8902OBNT50973876422839,Emma Gustafsson
SE8902SEYF48760878274175,Jenny Karlsson Borg
SE8902OVTP75889092553957,Marie Kvist Stark
SE8902FKHJ95461624405436,Marie Kvist Stark
SE8902KCYM07724798345050,Valborg Sundin
SE8902URSV28669190464010,Valborg Sundin
SE8902AJRJ35802643947946,Valborg Sundin
SE8902KJYB05100798381483,Sandra Sjöström
SE8902WYLP16417283310059,Sandra Sjöström
SE8902STXO91790409285299,Sandra Sjöström
SE8902ZKJC38755928645078,Ann-Charlott Andersson Olofsson
SE8902WOXH43586674611980,Ann-Charlott Andersson Olofsson
SE8902BWKM27720380863718,Ann-Charlott Andersson Olofsson
SE8902CNUK05592418774943,Margareta Björk
SE8902ZRRV53604198996393,Margareta Björk
SE8902SIKL89762687070372,Margareta Björk
SE8902IQDI59898249098467,Ingela Moberg
SE8902HNLH30212836252481,Ingela Moberg
SE8902MCRF20072685039505,Lovisa Lundin
SE8902FQLC01698765585803,Lovisa Lundin
SE8902RIDV47368265699473,Karin Blomqvist
SE8902LARY75915594710859,Inez Andersson Henriksson
SE8902RYFQ25380828380867,Inez Andersson Henriksson
SE8902YFVN11147137534118,Freja Håkansson-Björkman
SE8902VBSX39074781358158,Freja Håkansson-Björkman
SE8902YCMC97452355623638,Freja Håkansson-Björkman
SE8902WOBG56284432759181,Elisabeth Karlsson
SE8902GZKC59110904284187,Wilma Krantz
SE8902HCFQ50732586147290,Elisabet Karlsson
SE8902IWUZ21139031383602,Yvonne Ferm
SE8902DBZP90399205881070,Yvonne Ferm
SE8902BBDN08764843226603,Ingegerd Hermansson
SE8902TDNJ81183782154357,Ingegerd Hermansson
SE8902BPXN71817611233256,Ingegerd Hermansson
SE8902TKZA24932488770695,Wilma Andersson
SE8902IGWD35040860470840,Wilma Andersson
SE8902UNRA52610184151556,Viktoria Lindblom
SE8902OEUK98732816702347,Sonja Törnqvist
SE8902MPBO87772633723937,Malin Emanuelsson
SE8902SVVA72606563438599,Malin Emanuelsson
SE8902CTOV92367944039255,Malin Emanuelsson
SE8902SCUS02208585217420,Malin Emanuelsson
SE8902ONYK29813236113604,Alice Carlsson
SE8902RNTE90201112878494,Diana Bohlin
SE8902GSWE68166162519198,Diana Bohlin
SE8902GYZA91851265600454,Lilly Martinsson Andersson
SE8902SJTM65462604716724,Ann-Christin Johansson
SE8902RPNT79114466986103,Ann-Christin Johansson
SE8902FPRI18674591891178,My Ahmed
SE8902UXKG57479907330381,My Ahmed
SE8902FWHV93976568931219,Mona Ek
SE8902RMLX84077931088026,Caroline Jonsson
SE8902EDDF98370611345966,Ulrika Holmström
SE8902XMAM56827677889061,Ulrika Holmström
SE8902TMKE53720750940968,Michelle Andersson
SE8902JHMA69643058655073,Nina Holm
SE8902ZTNG40351896769345,Malin Nyman
SE8902ZJJF79585810673366,Ebba Malmberg-Pettersson
SE8902IWYC64669423845053,Maya Johansson
SE8902WNIP57815146708414,Maya Johansson
SE8902EZER13441070597944,Maya Johansson
SE8902PXCX96170096954134,Evy Lövgren
SE8902LIKB41550652178852,Evy Lövgren
SE8902GDTV65148682209789,Freja Hellström
SE8902SRDG63581614639448,Lilian Larsson
SE8902XWOG93876385265449,Alva Larsson
SE8902SVTA51705365680131,Alva Larsson
SE8902JFUD24261264737631,Mona Åkesson
SE8902TRFM79815586179217,Mona Åkesson
SE8902EFNV74784664776562,Mona Åkesson
SE8902RCRK00671714230376,Astrid Andersson Westberg
SE8902LQPT91446488103734,Astrid Andersson Westberg
SE8902ZMIE92280783818806,Marie Olsen
SE8902PJBO20718804604298,Christina Dahl
SE8902RUFS60316465651336,Rut Flink
SE8902BXQI23685027971551,Rut Flink
SE8902JXEZ02627245746002,Emilia Eriksson-Hedlund
SE8902NMLM36956633220058,Emilia Eriksson-Hedlund
SE8902WABA80671991745830,Emilia Eriksson-Hedlund
SE8902GSZH91391621188990,Anna Larsson
SE8902XEKA11659742485329,Helen Arvidsson
SE8902QJYU26909657286044,Alicia Persson
SE8902MQJP11380705638246,Beata Backlund
SE8902KFFK50136015318581,Thea Lindquist
SE8902NWBH42139231276122,Thea Lindquist
SE8902HHVE14882891293350,Thea Lindquist
SE8902RLTH03632662634887,Katarina Hermansson
SE8902MYOF67830605702784,Katarina Hermansson
SE8902PSFY01211467765419,Jenny Hagström
SE8902NCHQ05383241398951,Gunilla Danielsson
SE8902BADO65968898453667,Rosa Rosengren Vikström
SE8902BIRC46206283725522,Marie Hosseini
SE8902QVRD43136737091818,Alva Blixt
SE8902YBUM91649266178467,Mona Nordqvist-Jonsson
SE8902XPKO29440306068239,Mona Nordqvist-Jonsson
SE8902SAUK38756106548184,Mona Nordqvist-Jonsson
SE8902PRHA61506657906077,Greta Arvidsson
SE8902FWBT85916441228504,Maria Nyström
SE8902LUYC21483942556730,Maria Nyström
SE8902CKQN72795971469366,Margareta Johansson
SE8902TVFH53282057943154,Margareta Johansson
SE8902UTXQ46186994218835,Margareta Johansson
SE8902BCGB09402639721004,Margareta Johansson
SE8902QCUD22504040792723,Greta Persson-Jönsson
SE8902XFEK65570601507823,Erika Oskarsson
SE8902CHPG90425118808478,Kristina Hägglund
SE8902HXLB10149156679316,Kristina Hägglund
SE8902PCFY59781759139715,Kristina Hägglund
SE8902NIFB25528008124700,Margareta Schmidt
SE8902TMSX38474464548691,Margareta Schmidt
SE8902RYXO33562941610360,Eva Karlsson Håkansson
SE8902YWQH50779746486712,Eva Karlsson Håkansson
SE8902TOSX14314674232363,Eva Karlsson Håkansson
SE8902DJPX89629848207656,Anna Ström
SE8902QYUK75923058440099,Maryam Forsberg
SE8902GXKS66714923613080,Maryam Forsberg
SE8902TBKW34062991571482,Matilda Thorén
SE8902KASG36290465086408,Agneta Lundin
SE8902FMGF16921362391617,Agneta Lundin
SE8902SUPU22107368286746,Agneta Lundin
SE8902CUMA73016131740531,Agneta Lundin
SE8902YULJ56180665771621,Beatrice Wall Sjöberg
SE8902YIXR29588609244770,Beatrice Wall Sjöberg
SE8902SBKV17928186427622,Nicole Berggren
SE8902YREH60256445948405,Nicole Berggren
SE8902GZAO49226888899471,Nicole Berggren
SE8902CDUU61660929189479,Nicole Berggren
SE8902QDDZ01493266009705,Marit Frisk
SE8902MSKS70942503348697,Maria Pettersson
SE8902KOWL19108099243979,Maria Pettersson
SE8902UHPN71937885399066,Inger Söderlund
SE8902KIPZ83378012088513,Barbro Svensson-Hosseini
SE8902YZWC23724318974586,Barbro Svensson-Hosseini
SE8902AMRJ75051497335013,Barbro Svensson-Hosseini
SE8902PFUA65955298845159,Mila Larsson
SE8902DNVY67349092911659,Mila Larsson
SE8902QBFU77974903239810,Linnea Ekberg
SE8902NBJB19095650975525,Marie Karlsson
SE8902IACG54044232519044,Louise Rask
SE8902NKXR00859309312215,Louise Rask
SE8902PFCZ88971783919966,Karin Lindholm
SE8902IQAS41209315371860,Karin Lindholm
SE8902HEMI79004079416247,Marie Ågren
SE8902LFOG32831877730656,Yvonne Lindblom
SE8902TJON16189488376725,Yvonne Lindblom
SE8902NXQN75553814880916,Yvonne Lindblom
SE8902AOEI11888157159723,Filippa Andersson
SE8902MIDF11176460973267,Margit Nilsson Petersson
SE8902XAJW53043482546967,Christina Isaksson
SE8902XWUV40935991476872,Elisabet Andersson-Nyberg
SE8902VFTG99252061459530,Lena Eriksson
SE8902XPRV76493567899496,Lena Eriksson
SE8902VJMZ66585930292336,Anneli Eriksson
SE8902ABDS01701364961907,Birgitta Dahl
SE8902IRXN70281866292484,Patricia Olsson
SE8902ZCTK81497780781136,Patricia Olsson
SE8902TKRB93799625518098,Patricia Olsson
SE8902XFYN40331665173936,Isabel Svensson
SE8902VXBW13958908779060,Isabel Svensson
SE8902XBWW91028579125870,Sofia Christensen
SE8902ZFFS54641169742438,Sofia Christensen
SE8902AEAH33465529509698,Matilda Gustafsson-Sjöberg
SE8902WIZV49599148565208,Ingegerd Skoglund
SE8902OKGM15362718359701,Ingegerd Skoglund
SE8902IQGU69949540367787,Ingegerd Skoglund
SE8902PGNT42361129672323,Lina Lidström Persson
SE8902LNQG72751750679403,Eva Öberg
SE8902JYVV72673862515999,Abdi Davidsson
SE8902UAZW13872369602420,Jessica Hansen
SE8902DQLW24559347520043,Karin Augustsson
SE8902HWWI70855528580462,Ann-Charlotte Åkesson
SE8902VJUZ52218371196993,Ann-Charlotte Åkesson
SE8902VCAD18253035606269,Maria Öberg
SE8902OSQP10294973862487,Maria Öberg
SE8902CARL50738619229703,Elisabet Ljungberg
SE8902SXSV66139578019742,Pia Alexandersson Brodin
SE8902ZMRY06748088512775,Anette Petersson
SE8902DVQS82119924518238,Anette Petersson
SE8902BYDD28842601202864,Anette Petersson
SE8902GIHV74884246842599,Anette Petersson
SE8902OULQ88924571915281,Eva Klasson
SE8902UBER10237927754278,Jenny Nyman
SE8902KNYL13525753615170,Jenny Nyman
SE8902KFZW27637456654899,Sara Karlsson
SE8902RFAD93127690350624,Sara Karlsson
SE8902GFDI02146082509603,Ella Johnsson
SE8902OTGT26923733226539,Mariann Söderlund
SE8902LEIQ16043588196306,Annelie Sundström Ahmed
SE8902WPAU97779463181066,Elin Carlsson
SE8902DIGS61927513105237,Elin Carlsson
SE8902FKYE96295585801229,Sara Green
SE8902OKBP25586865512985,Sara Green
SE8902OVSC20334070794606,Sara Green
SE8902EYAI40413449404955,Sara Green
SE8902YHDH95624192716829,Maya Ek
SE8902ENMF86033537014424,Maya Ek
SE8902KWGC09517167288801,Viktoria Hansson-Karlsson
SE8902UNVY51069080799808,Ebba Forsell-Larsson
SE8902VXSM52634787408878,Ebba Forsell-Larsson
SE8902VANG86827956202560,Lova Borgström-Wikström
SE8902QCOM51159179331018,Eva Ivarsson-Karlsson
SE8902AHHW25831609187762,Åsa Falk
SE8902BBBD92900838719471,Åsa Falk
SE8902DFIF62619409849709,Maria Rydén
SE8902OJZV87378441905395,Maria Rydén
SE8902IFOG47846578093385,Maria Rydén
SE8902XMPH01266253886729,Maria Rydén
SE8902MISM30510735597086,Marianne Johansson-Johansson
SE8902LHXM42438714486224,Elisabet Brink
SE8902YBPA06747616365238,Sandra Berg-Söderman
SE8902MPWG51569045484865,Michelle Stark Martinsson
SE8902ZTXO23071825012027,Michelle Stark Martinsson
SE8902SPOT75366803801987,Eva Hjalmarsson
SE8902RBPQ42858370864616,Tina Hammarström
SE8902HFSR53083572903940,Anna Edström
SE8902JNFW68474844339506,Ruth Omar
SE8902YZWZ87858217066053,Stella Andersson Hansson
SE8902GWOF13656646987338,Eva Svensson
SE8902NIIB74522467804955,Agneta Zhang
SE8902WDCF38284869757417,Cecilia Borg
SE8902WFUC02168045258799,Lina Larsson
SE8902ALWE64418794375241,Jenny Petersson-Ottosson
SE8902WJDM26526890895791,Jenny Petersson-Ottosson
SE8902QLQD50953604363689,Jenny Petersson-Ottosson
SE8902QSEZ62900642158291,Kristina Carlsson
SE8902HEBA48610510102589,Lovisa Larsson
SE8902SOSH76024453681329,Ing-Marie Wennberg
SE8902RYJW27814189025495,Ing-Marie Wennberg
SE8902UVRY16194000688254,Ing-Britt Sjölin
SE8902NNNR28386574821422,Yasmin Nilsson
SE8902UZYG74951512780315,Yasmin Nilsson
SE8902FLMA18768060331290,Vera Andersson
SE8902ADKD16230449646773,Vera Andersson
SE8902WGFJ72090874836772,Daniella Björk
SE8902GHSB29020078073922,Yvonne Aronsson
SE8902DRNW01025820075953,Johanna Johansson
SE8902OELG14968309944058,Felicia Jeppsson
SE8902YBIX02378701637177,Felicia Jeppsson
SE8902JIRN62314882418604,Nina Hellström
SE8902JXAL47272008936438,Margareta Hallberg Mohamed
SE8902SPLA84551710891296,Ingegärd Larsson
SE8902GJEV19959770508700,Laila Johansson
SE8902ZNHI21783939608864,Ebba Andersson
SE8902QVLD06706916367921,Sandra Karlsson
SE8902AXQM18280403499014,Tilde Nyberg Svensson
SE8902MRZJ54641003814611,Antonia Eriksson
SE8902YXRL88472345282788,Jeanette Pettersson
SE8902BRIL75914384755151,Linnéa Westerlund
SE8902ZJEO82962448424927,Linnéa Westerlund
SE8902MJIL81207705272655,Sofia Pettersson
SE8902NOXD78517742994470,Ahmed Brolin
SE8902NEKM17238713453074,Britt Svärd
SE8902GQAF56677712799125,Britt Svärd
SE8902GZKG54552009162805,Britt Svärd
SE8902ROXJ87709608865856,Britt Svärd
SE8902AVGD46528407389614,Viktoria Thorén Eriksson
SE8902XFGN05965642065136,Viktoria Thorén Eriksson
SE8902XUOQ37054183061149,Lisbet Eriksson
SE8902QCNP19721394374879,Lisbet Eriksson
SE8902TONI18274393550042,Ann-Sofie Persson
SE8902RDFD79748993078910,Ann-Sofie Persson
SE8902YEDJ01205803951858,Marika Petersen
SE8902IJBW38904188628765,Marika Petersen
SE8902FMID10536679996597,Marika Petersen
SE8902ZWKS28095257338274,Pernilla Forsberg
SE8902JFXZ40334167631989,Pernilla Forsberg
SE8902DOFI01208990186376,Pernilla Forsberg
SE8902OILP02531246077432,Elin Blom
SE8902MQTA07583386361028,Tindra Berglund
SE8902GJBL45406945630901,Tindra Berglund
SE8902PLOQ67311426466791,Marina Hansson-Frisk
SE8902ONKL85026172925302,Linda Andersson
SE8902XGBQ65373440284962,Linda Andersson
SE8902KFFN35109779680770,My Johansson
SE8902NQRV40490469744981,My Johansson
SE8902XSYV69131047178016,Britt-Marie Lundström
SE8902HODK85678819977506,Hanna Alfredsson
SE8902YIGY15689375176219,Lovisa Persson Gunnarsson
SE8902JTME09227824695264,Eivor Bengtsson
SE8902UWHJ79819805055119,Eivor Bengtsson
SE8902OWWY66208651137307,Lovisa Axelsson
SE8902DGBN51946839388357,Lovisa Axelsson
SE8902GXGJ09737434359792,Kristina Blixt
SE8902PVMT99502269929745,Kristina Blixt
SE8902FKHS98022985303829,Anita Eriksson
SE8902TMHA72646385787943,Anita Eriksson
SE8902EUXF81891691396825,Anita Eriksson
SE8902CEKC27544305100945,Ingrid Persson
SE8902YFNV15788568473424,Ingrid Persson
SE8902VLZY43895735167710,Britta Larsson
SE8902JTWL04765331104215,Britta Larsson
SE8902SHGS62187533607069,Johanna Friberg
SE8902DHTY58610419863874,Johanna Friberg
SE8902XJXJ66998115817653,Viola Hedman Bergström
SE8902YORA10515982490383,Viola Hedman Bergström
SE8902APRX63562848993577,Viola Hedman Bergström
SE8902PTAF77843993668616,Karin Brolin
SE8902EHTU59069815598850,Karin Brolin
SE8902FEIJ60109004189441,Anne Dahl
SE8902ZTYB33411513006359,Anne Dahl
SE8902SMBI03438185868162,Carin Svensson Johansson
SE8902XFDS45905033879975,Carin Svensson Johansson
SE8902ZAWM87891339334132,Carin Svensson Johansson
SE8902YMWM67923221263529,Michelle Hedberg
SE8902ZJBK03539793529686,Michelle Hedberg
SE8902IAAP17064707009052,Pia Lindblom
SE8902GZRH81686967761778,Pia Lindblom
SE8902PMAG08583189181534,Pia Lindblom
SE8902YWPH88733310983578,Linnéa Larsson
SE8902QVVH33425126369593,Linnéa Larsson
SE8902YYDM63526347491057,Eva Lindberg
SE8902CFVV30512683866714,Birgit Andersson
SE8902LHWV91263359767569,Gisela Karlsson
SE8902ZDQZ85735825212197,Kerstin Brandt
SE8902GOTA27808705650145,Kerstin Brandt
SE8902XVPE12442001326703,Margaretha Svensson
SE8902BQOF94784189390061,Margaretha Svensson
SE8902EDII68114485236045,Margaretha Svensson
SE8902UGUU35326815762231,Maria Nyström-Nilsson
SE8902ZECH07329184737257,Maria Nyström-Nilsson
SE8902YANL80406594542262,Anne-Marie Westman
SE8902CAYR28184400854269,Filippa Sjögren
SE8902CZMN06754312018557,Clara Holmström
SE8902ORRS48118816092087,Maria Englund
SE8902DYMK28727836359365,Carin Andersson
SE8902GNES50129557296591,Carin Andersson
SE8902YBWC04395871663306,Carina Christensen
SE8902DQYM36490908630376,Fanny Karlsson
SE8902QTON45088878513232,Fanny Karlsson
SE8902EOQK87745075861922,Fanny Karlsson
SE8902AIOW62956716316259,Mariana Lindgren
SE8902NVBN39901843446898,Mariana Lindgren
SE8902OSUM31787311714438,Mariana Lindgren
SE8902TVVW07944483518187,Mariana Lindgren
SE8902GTZD12314857392944,Marie Adolfsson
SE8902EWKS60852595775659,Marie Adolfsson
SE8902STMW83870980133580,Marie Adolfsson
SE8902VQDV44258038827151,Marie Adolfsson
SE8902WWYX14350160073945,Margareta Lundberg
SE8902YJGY22142109131075,Margareta Lundberg
SE8902KWJE25618757328979,Mikaela Larsson
SE8902BOXY64871872720401,Mikaela Larsson
SE8902TSLW64629501935121,Mikaela Larsson
SE8902YUBQ50433561046806,Catharina Carlsson
SE8902NLPV05101680537537,Catharina Carlsson
SE8902FHYM56802980847454,Catharina Carlsson
SE8902DFDE10377026495528,Amanda Håkansson Johansson
SE8902OFTJ79383582820961,Valentina Lindgren
SE8902HBJK93110274210203,Margareta Andersson
SE8902VWXK42191765114871,Viktoria Franzén
SE8902YNEG45809952624906,Viktoria Franzén
SE8902PFMB93666687080636,Katarina Holmberg
SE8902GVKT62124718311587,Katarina Holmberg
SE8902OEQF58082660806550,Katarina Holmberg
SE8902QBVC38031274896724,Helena Gustafsson
SE8902ELOW76907000148619,Johanna Andersson
SE8902TARS73293766587552,Siri Nilsson
SE8902KVSV81092256666408,Siri Nilsson
SE8902XARM90172386742244,Siri Nilsson
SE8902YERF08265652105112,Frida Nilsson
SE8902RENF20626970972224,Frida Nilsson
SE8902YRPI91283893221753,My Larsen
SE8902OLYJ75119346245205,My Larsen
SE8902DTWL15581241936252,My Larsen
SE8902YCMH62501138405727,My Larsen
SE8902QYSY81014676327000,Linda Lundqvist
SE8902AFOU10164539916013,Linda Lundqvist
SE8902XIOP55762967773996,Linda Lundqvist
SE8902AGTC76402704279286,Linda Lundqvist
SE8902EJUK14153809334395,Linnéa Johansen
SE8902ZKZE03352259811045,Eva Eklund Andersson
SE8902FUEO19973931032909,Eva Eklund Andersson
SE8902CDJH95141039369424,Evelina Lindskog
SE8902LTEB55772338700469,Evelina Lindskog
SE8902XJXO24323243710044,Evelina Lindskog
SE8902LYWY52207782370009,Helen Nilsson
SE8902PUTI27368119946710,Helen Nilsson
SE8902ZFCJ85266822978818,Ing-Marie Almqvist
SE8902OETG93189334327881,Ing-Marie Almqvist
SE8902WWPN36583068524999,Ing-Marie Almqvist
SE8902SPMV06240825225975,Linnea Carlsson
SE8902MAVP99765805035027,Linnea Carlsson
SE8902CUOA55859966187343,Katarina Persson
SE8902MINV17334030266764,Frida Lindberg
SE8902DGRO18476288845448,Carina Malmqvist
SE8902FUXQ13611890616632,Carina Malmqvist
SE8902TTCV22659277900658,Camilla Eriksson
SE8902QOLP68576231602784,Eva Linde
SE8902XHDH97099673211691,Eva Jonsson
SE8902NQVT00867426002134,Eva Jonsson
SE8902OIOG12978777374762,Susann Gustafsson
SE8902ABOS54302823852209,Susann Gustafsson
SE8902WJRN19883673497555,Anna-Lena Fredriksson
SE8902MORC95963771559704,Anna-Lena Fredriksson
SE8902DOSN50610060091936,Anna Skog
SE8902ZQTF23438409122635,Anna Skog
SE8902XNUU38667095299418,Felicia Nilsson
SE8902GRHA70024737117241,Susanne Turesson
SE8902NOWZ09781738609160,Susanne Turesson
SE8902GJPJ21866669764448,Susanne Turesson
SE8902THMG75207589410634,Sonia Olsson
SE8902ORAT65143572227414,Sonia Olsson
SE8902RMZQ99119231760140,Viktoria Mohammed
SE8902EHQT53687871208531,Viktoria Mohammed
SE8902VULP28317370301184,Yvonne Andersson
SE8902PXRQ98520175302074,Karolina Blom
SE8902RBXU00091422402190,Karolina Blom
SE8902LFCU74107203362240,Karolina Blom
SE8902DMTK02100815459260,Karolina Blom
SE8902CRCW34066239004922,Emma Ali
SE8902UGGW38274485777478,Helena Jansson
SE8902TUFM02844898189627,Birgitta Davidsson
SE8902ZUBS27912610124575,Hedvig Björk
SE8902PQQA91803707968793,Hedvig Björk
SE8902EVCJ18582465780769,Marie Malm
SE8902RUZG18814542051536,Marie Malm
SE8902FZSN55947389902845,Linnea Johnsson
SE8902ARZK76217160045547,Linnea Johnsson
SE8902PEMO00496019465141,Elsie Persson Lidström
SE8902EANL33346362686121,Elise Söderman
SE8902AZSP13287899419402,Elise Söderman
SE8902RXPZ64193650870827,Elise Söderman
SE8902FKMU98532754573323,Elise Söderman
SE8902ITVH26113588018628,Isabelle Wahlgren
SE8902YFRV85699768159258,Isabelle Wahlgren
SE8902MQZJ06643246897705,Margret Brandt
SE8902FWCH71102712794153,Margret Brandt
SE8902OYAH39744900512609,Margret Brandt
SE8902XETE95068684209773,Lisbet Berglund
SE8902TZSS77431559302602,Ingrid Karlsson
SE8902CYPH60544976843583,Ingrid Karlsson
SE8902QYWM08226326615443,Ingrid Karlsson
SE8902OYYC26878073615803,Ibrahim Andersen
SE8902FNVL25969348892346,Ibrahim Andersen
SE8902SPMP91486768673172,Ibrahim Andersen
SE8902GAXX53411861552462,Maj Falk
SE8902YXOS87838017500335,Cecilia Holm
SE8902JWXW28958053475452,Cecilia Holm
SE8902MURT68729362533248,Maria Larsson
SE8902VVUL13283946661384,Maria Larsson
SE8902KWRS27148391651848,Lilian Pettersson
SE8902KWSP63038857977275,Lilian Pettersson
SE8902TMAZ51468626641221,Nour Persson Lidström
SE8902KMXN52564213381947,Marianne Andersson
SE8902HUPY67929894959123,Solveig Lindström
SE8902JTIU30473679174736,Solveig Lindström
SE8902XCIR72675281902466,Tuulikki Molin
SE8902TUHD34770837374560,Inger Svensson Andersson
SE8902QLED17935826591915,Eva Nordström
SE8902HMCZ09136061205337,Stella Björk
SE8902MMNV35784660404948,Stella Björk
SE8902VSPR33562992730471,Sofia Lindgren
SE8902NPHM95440604719066,Lisa Isaksson-Johnsson
SE8902UPMV66415672183575,Lisa Isaksson-Johnsson
SE8902HAHX05192939117708,Engla Larsson-Öberg
SE8902IETM52089049623113,Engla Larsson-Öberg
SE8902DXER23023951967280,Maria Erlandsson
SE8902ZUOU40396545889546,Maria Erlandsson
SE8902WBFK37994122017616,Margareta Ågren
SE8902TMVQ62559128130402,Margareta Ågren
SE8902QNMM99008031804359,Helena Eklund Jakobsson
SE8902PVNM34258841032637,Eva Södergren
SE8902WINU18325188489431,Eva Södergren
SE8902GUKI33865782482701,Eva Södergren
SE8902BSOB17404569244252,Nadia Edström
SE8902GDKU45032945438327,Nadia Edström
SE8902YIAD46040982190137,Nadia Edström
SE8902YHPG83168569237782,Nadia Edström
SE8902HTRS03259438277897,Linda Lundgren
SE8902KDEZ48747876485385,Irene Hassan
SE8902BRZE40142159892187,Irene Hassan
SE8902KLCO29429723379486,Ida Stenström
SE8902NBIZ83446887518068,Alba Eriksson
SE8902QLYH24628869288269,Lilian Johansson
SE8902THHW31823034276516,Lilian Johansson
SE8902EHTP72915274751435,Lilian Johansson
SE8902TAHI51097798630045,Lilian Johansson
SE8902LKRM96767797463197,Birgitta Johansson
SE8902ZGLL07430315277968,Birgitta Johansson
SE8902SLBZ46706062219762,Lovisa Hedberg
SE8902FBTR73223116722714,Lovisa Hedberg
SE8902FTIV24633690574571,Lovisa Hedberg
SE8902OCQK11725418237602,Susanne Molin-Sjölin
SE8902RASX95864855242605,Susanne Molin-Sjölin
SE8902ZIPR73751541971020,Susanne Molin-Sjölin
SE8902ROFI55976431488069,Helén Johansson
SE8902ZZNR41237043450267,Helén Johansson
SE8902EYZV57214534359238,Emelie Khan
SE8902WSFB21589079568833,Maria Lundqvist
SE8902RTPP26534696624492,Ingrid Larsson
SE8902ZZYD33218163616915,Ingela Hagman Johansson
SE8902MQQY51782698732487,Linnea Wang
SE8902XIPF48454762305912,Kerstin Gustafsson
SE8902QQEM64469622591152,Kerstin Gustafsson
SE8902PLBL16144667744762,Kerstin Gustafsson
SE8902LVNK47443019784697,Christina Sjölund
SE8902VMWP60739361675669,Christina Sjölund
SE8902LUGA16653984392162,Helen Jonsson-Fredriksson
SE8902PNRT14858483416763,Helen Jonsson-Fredriksson
SE8902FPGB53740832393246,Malin Larsson
SE8902ZPXA01787857989303,Maria Danielsson Nilsson
SE8902XZSQ43469647161652,Siv Alm
SE8902TNEQ21759041931830,Signe Eriksson-Holmberg
SE8902UNIQ60986055961346,Signe Eriksson-Holmberg
SE8902YLUL42869164891487,Signe Eriksson-Holmberg
SE8902LYFI88654386046994,Sophia Omar
SE8902JBML23966854830022,Maria Högberg
SE8902MDNR23654048962365,Maria Högberg
SE8902XYWW06047880682425,Jessica Martinsson
SE8902YFUG89397049014204,Suzanne Adolfsson
SE8902TQXV74190163701650,Signe Andersson Hellström
SE8902QSEX48124440213093,Elisabet Persson
SE8902CRKA97370313824795,Elisabet Persson
SE8902QVDX07065136908695,Karin Norén
SE8902LLGR94243337164385,Karin Norén
SE8902XIIY68366812613028,Karin Norén
SE8902XUYH86436254539837,Ingrid Johansson Lundberg
SE8902AQCO44387324377348,Cecilia Persson
SE8902TCCK48879115025867,Felicia Johansson
SE8902WATX62152063702344,Agneta Johansson
SE8902TBOJ86049292227405,Agneta Johansson
SE8902OATV02658940061811,Agneta Johansson
SE8902HLML76292022524770,Karin Lundqvist
SE8902GKEP38370221536247,Frida Karlsson
SE8902UZBS49516417731818,Irene Lundin
SE8902OOLM49343686376830,Margareta Jansson
SE8902SVQW25123995841385,Birgitta Bohlin
SE8902WCIT71011280885223,Märta Olsson
SE8902JDXF35466571430209,Cecilia Andersson
SE8902LHUA50734331657544,Jenny Sundqvist
SE8902UIXL22740523863004,Jenny Sundqvist
SE8902NNNA87679319218094,Jenny Sundqvist
SE8902MKGL15508437601995,Jenny Sundqvist
SE8902VMHX62709096665480,Gunilla Ismail
SE8902DGXP57963435565595,Märta Pettersson
SE8902GGWE97497502378359,Märta Pettersson
SE8902RHZS07263432451114,Agneta Samuelsson
SE8902MKFC17006139746737,Helena Eliasson
SE8902FADN38705986955694,Helena Eliasson
SE8902AHVW14609154839055,Charlotte Johansson
SE8902MPFF59071266405689,Malva Bergman
SE8902IOUR73096302679146,Elisabeth Svensson Johansson
SE8902GZKU10549826849499,Helena Rasmussen
SE8902NILS51480673047457,Olivia Malm
SE8902EPZK82020056741347,Natalie Karlsson
SE8902WEPX09489049975102,Natalie Karlsson
SE8902NFEX92122769382579,Natalie Karlsson
SE8902RDOL83252725715066,Natalie Karlsson
SE8902DVSD57008700941701,Natalie Karlsson
SE8902DGXX88147139459340,Natalie Karlsson
SE8902VEMX25234923276716,Klara Eriksson
SE8902IPMR06918676283049,Klara Eriksson
SE8902ETCY90517906060184,Carina Karlsson
SE8902PQAY31420284375015,Josefine Nilsson
SE8902ZRZI47417483372579,Annie Lundgren
SE8902TCIS05326189768955,Annie Lundgren
SE8902FHHP30665400671103,Zahra Olsson-Eriksson
SE8902SUFL84984390436207,Joline Gren
SE8902FBRS06307972224493,Joline Gren
SE8902UTKC76119475507073,Rose-Marie Westerberg-Landström
SE8902ZPHS02086856755015,Marie Johannesson-Högberg
SE8902PVDU32397262267370,Marie Johannesson-Högberg
SE8902FKXG94756014478535,Kristina Lindkvist Månsson
SE8902BWOT03489901672599,Ingegerd Hansson-Pettersson
SE8902ASFC38684084271407,Ingegerd Hansson-Pettersson
SE8902ASTS23624054451805,Ingegerd Hansson-Pettersson
SE8902CUNN22125220865735,Margaretha Nielsen
SE8902RZVW68005461246316,Margaretha Nielsen
SE8902FZYK87978190387699,Inger Andersson
SE8902QUFJ50463670043368,Anita Ottosson
SE8902RPRH48981618994827,Margareta Sandström
SE8902WYUG92028275995927,Margareta Sandström
SE8902LCFU45262185232485,Margareta Sandström
SE8902YRJE25577068372391,Caroline Mohamed Johansson
SE8902ZQSR31963404580039,Caroline Mohamed Johansson
SE8902SJVO55654185313291,Caroline Mohamed Johansson
SE8902PZCI77761871178523,Mary Ahlström
SE8902TDQR72645888062798,Mary Ahlström
SE8902NNNO44225102810397,Anna Olsson-Johansson
SE8902EGRU04525904634974,Carin Hagberg Palmgren
SE8902AAOA59642017060227,Birgitta Brandt
SE8902YSLL26649994554341,Moa Fredriksson-Bäck
SE8902JONV09925711868012,Terese Rosengren
SE8902FOXC84791598609467,Terese Rosengren
SE8902GREW10972860106946,Elisabeth Jansson
SE8902GBGP44172108348620,Marie Edström
SE8902AJSV94182461717656,Jane Ek
SE8902IKUU90169881819014,Jane Ek
SE8902ZDZF35824709915348,Maria Blom
SE8902PFYI37989903515742,Maria Blom
SE8902VABD28433519743158,Maria Blom
SE8902LNMM65005427787530,Pernilla Engström
SE8902TVXK53170573534289,Pernilla Engström
SE8902UUTG33531545423098,Marie Isaksson
SE8902TGSS63115928762234,Marie Isaksson
SE8902ENZW25848870664611,Marie Isaksson
SE8902KVOL90407760349687,Marie Isaksson
SE8902GXQE70403294190338,Ulla Eriksson
SE8902TSIH97788635751412,Ulla Eriksson
SE8902TXWD68698852887733,Pia Sjöstedt
SE8902YWZE35031868738690,Pia Sjöstedt
SE8902TTRQ67764510281897,Katarina Karlsson-Lindgren
SE8902QILJ09667839424264,Katarina Karlsson-Lindgren
SE8902GBSN65881879746261,Elisabet Falk
SE8902SYOK34574595890962,Inger Björklund
SE8902TGDM09742731733206,Johanna Isaksson
SE8902RUPP97970833512919,Carina Hedman
SE8902FITK67729451632648,Karolina Karlsson-Backman
SE8902YARE38911515845364,Karolina Karlsson-Backman
SE8902ZEJN42200086959831,Lisa Hassan
SE8902VBPS31468933549596,Nova Andersson
SE8902DORF63489542240166,Nova Andersson
SE8902RLXE45562764852432,Johanna Rydén-Ericson
SE8902XZAS22158117574887,Kerstin Persson
SE8902ARJI52424267786590,Kerstin Persson
SE8902PZDL59107473276443,Filippa Hallberg
SE8902PEZC68306534625963,Filippa Hallberg
SE8902PDPB59162046614533,Maj Hammar
SE8902GYOM68592348894619,Maj Hammar
SE8902ZBRA01455414601958,Kristina Andreasson Larsson
SE8902QZNU18414720978758,Helene Englund
SE8902FXEO42999261877496,Klara Robertsson
SE8902YFAI41572077231677,Klara Robertsson
SE8902VUUX56420531096812,Klara Robertsson
SE8902TEYP63912424658963,Jenny Vikström
SE8902JPEZ29549435970218,Ebba Svanberg
